"num_zones","num_iterations","RM4534","RM4532","RM4530","RM4528","RM4527","RM4525","RM4523","RM4522","RM4521","RM4514D","RM4514C","RM4514","RM4514B","RM4514A","RM4520","RM4524","RM4526","RM4535","RM4533","RM4537","RM4536","RM4539","RM4541","RM4543","RM4513","RM4500"
1,1,2,0,0,0,0,0,0,0,0,0,0,0,0,0,0,0,0,0,0,0,0,0,0,0,0,0
1,2,0,2,0,0,0,0,0,0,0,0,0,0,0,0,0,0,0,0,0,0,0,0,0,0,0,0
1,3,0,0,2,0,0,0,0,0,0,0,0,0,0,0,0,0,0,0,0,0,0,0,0,0,0,0
1,4,0,0,0,2,0,0,0,0,0,0,0,0,0,0,0,0,0,0,0,0,0,0,0,0,0,0
1,5,0,0,0,0,2,0,0,0,0,0,0,0,0,0,0,0,0,0,0,0,0,0,0,0,0,0
1,6,0,0,0,0,0,2,0,0,0,0,0,0,0,0,0,0,0,0,0,0,0,0,0,0,0,0
1,7,0,0,0,0,0,0,2,0,0,0,0,0,0,0,0,0,0,0,0,0,0,0,0,0,0,0
1,8,0,0,0,0,0,0,0,2,0,0,0,0,0,0,0,0,0,0,0,0,0,0,0,0,0,0
1,9,0,0,0,0,0,0,0,0,2,0,0,0,0,0,0,0,0,0,0,0,0,0,0,0,0,0
1,10,0,0,0,0,0,0,0,0,0,2,0,0,0,0,0,0,0,0,0,0,0,0,0,0,0,0
1,11,0,0,0,0,0,0,0,0,0,0,2,0,0,0,0,0,0,0,0,0,0,0,0,0,0,0
1,12,0,0,0,0,0,0,0,0,0,0,0,2,0,0,0,0,0,0,0,0,0,0,0,0,0,0
1,13,0,0,0,0,0,0,0,0,0,0,0,0,2,0,0,0,0,0,0,0,0,0,0,0,0,0
1,14,0,0,0,0,0,0,0,0,0,0,0,0,0,2,0,0,0,0,0,0,0,0,0,0,0,0
1,15,0,0,0,0,0,0,0,0,0,0,0,0,0,0,2,0,0,0,0,0,0,0,0,0,0,0
1,16,0,0,0,0,0,0,0,0,0,0,0,0,0,0,0,2,0,0,0,0,0,0,0,0,0,0
1,17,0,0,0,0,0,0,0,0,0,0,0,0,0,0,0,0,2,0,0,0,0,0,0,0,0,0
1,18,0,0,0,0,0,0,0,0,0,0,0,0,0,0,0,0,0,2,0,0,0,0,0,0,0,0
1,19,0,0,0,0,0,0,0,0,0,0,0,0,0,0,0,0,0,0,2,0,0,0,0,0,0,0
1,20,0,0,0,0,0,0,0,0,0,0,0,0,0,0,0,0,0,0,0,2,0,0,0,0,0,0
1,21,0,0,0,0,0,0,0,0,0,0,0,0,0,0,0,0,0,0,0,0,2,0,0,0,0,0
1,22,0,0,0,0,0,0,0,0,0,0,0,0,0,0,0,0,0,0,0,0,0,2,0,0,0,0
1,23,0,0,0,0,0,0,0,0,0,0,0,0,0,0,0,0,0,0,0,0,0,0,2,0,0,0
1,24,0,0,0,0,0,0,0,0,0,0,0,0,0,0,0,0,0,0,0,0,0,0,0,2,0,0
1,25,0,0,0,0,0,0,0,0,0,0,0,0,0,0,0,0,0,0,0,0,0,0,0,0,2,0
1,26,0,0,0,0,0,0,0,0,0,0,0,0,0,0,0,0,0,0,0,0,0,0,0,0,0,2
2,1,0,0,2,0,0,0,0,0,0,0,0,0,0,0,0,0,0,2,0,0,0,0,0,0,0,0
2,2,0,2,0,0,2,0,0,0,0,0,0,0,0,0,0,0,0,0,0,0,0,0,0,0,0,0
2,3,0,0,0,0,0,0,0,0,0,2,0,0,0,0,0,0,0,0,0,0,2,0,0,0,0,0
2,4,0,0,0,0,0,0,0,2,0,0,0,0,0,0,0,0,0,0,0,0,0,0,0,0,2,0
2,5,0,2,0,0,0,0,0,0,0,0,0,0,0,0,0,0,0,2,0,0,0,0,0,0,0,0
2,6,0,0,0,0,0,0,0,0,0,0,0,0,0,0,0,0,0,2,0,0,2,0,0,0,0,0
2,7,0,0,0,0,0,0,0,0,0,0,0,0,0,0,2,0,0,0,0,0,0,0,0,2,0,0
2,8,0,0,2,0,0,0,0,2,0,0,0,0,0,0,0,0,0,0,0,0,0,0,0,0,0,0
2,9,0,0,0,2,0,0,0,0,0,0,0,0,0,0,2,0,0,0,0,0,0,0,0,0,0,0
2,10,0,0,0,0,0,0,0,0,0,0,0,0,0,0,0,0,0,0,0,0,0,0,0,0,2,2
2,11,0,0,0,0,0,0,0,0,0,0,0,0,0,0,2,0,0,0,0,0,0,0,2,0,0,0
2,12,0,0,2,0,2,0,0,0,0,0,0,0,0,0,0,0,0,0,0,0,0,0,0,0,0,0
2,13,0,0,2,0,0,0,0,0,0,0,0,0,0,0,0,0,0,0,0,0,0,0,0,2,0,0
2,14,0,0,0,0,0,2,0,0,0,0,2,0,0,0,0,0,0,0,0,0,0,0,0,0,0,0
2,15,0,0,2,0,0,2,0,0,0,0,0,0,0,0,0,0,0,0,0,0,0,0,0,0,0,0
2,16,0,0,0,0,0,0,0,0,0,2,0,0,0,0,0,2,0,0,0,0,0,0,0,0,0,0
2,17,0,0,0,0,0,0,0,0,0,0,0,0,2,2,0,0,0,0,0,0,0,0,0,0,0,0
2,18,0,0,0,0,0,0,2,2,0,0,0,0,0,0,0,0,0,0,0,0,0,0,0,0,0,0
2,19,0,0,0,0,0,0,0,0,0,0,0,0,0,0,2,0,0,0,0,0,2,0,0,0,0,0
2,20,0,0,0,0,0,0,0,0,2,0,0,2,0,0,0,0,0,0,0,0,0,0,0,0,0,0
2,21,2,0,0,0,0,0,0,0,0,0,0,0,0,2,0,0,0,0,0,0,0,0,0,0,0,0
2,22,0,0,0,0,0,0,0,0,0,0,0,0,0,2,0,0,0,0,0,0,0,0,0,2,0,0
2,23,0,0,0,0,0,0,0,0,0,0,0,2,2,0,0,0,0,0,0,0,0,0,0,0,0,0
2,24,0,0,0,0,0,0,0,0,0,0,0,0,0,0,0,0,0,0,2,0,0,2,0,0,0,0
2,25,0,0,2,0,0,0,0,0,0,0,0,0,0,0,0,0,2,0,0,0,0,0,0,0,0,0
2,26,0,0,0,0,0,0,0,0,2,0,0,0,0,0,0,0,2,0,0,0,0,0,0,0,0,0
2,27,0,0,0,0,0,0,0,0,2,0,0,0,0,0,2,0,0,0,0,0,0,0,0,0,0,0
2,28,0,0,0,2,0,0,0,2,0,0,0,0,0,0,0,0,0,0,0,0,0,0,0,0,0,0
2,29,0,0,0,0,2,0,0,0,0,0,0,0,0,0,0,0,0,2,0,0,0,0,0,0,0,0
2,30,0,0,0,0,0,0,0,0,0,0,0,0,0,0,0,2,0,2,0,0,0,0,0,0,0,0
3,1,0,0,0,0,0,0,0,0,0,2,0,0,2,0,0,0,2,0,0,0,0,0,0,0,0,0
3,2,0,0,0,0,0,0,0,0,0,0,0,2,0,0,0,0,0,2,0,0,0,0,0,0,0,2
3,3,0,0,0,0,0,0,0,0,0,0,0,2,0,0,0,0,0,0,0,2,0,0,2,0,0,0
3,4,0,0,0,0,0,0,0,0,0,0,0,0,0,0,0,2,0,0,0,0,2,0,0,0,0,2
3,5,0,0,0,0,0,0,0,2,0,0,0,2,0,0,0,0,0,0,0,2,0,0,0,0,0,0
3,6,0,0,0,0,0,0,0,0,0,0,0,0,2,0,0,0,0,0,0,0,0,0,2,0,2,0
3,7,0,0,0,0,2,0,0,0,0,0,0,2,0,0,0,0,0,0,0,2,0,0,0,0,0,0
3,8,0,0,2,0,0,0,0,0,0,2,0,0,0,0,0,0,0,0,0,2,0,0,0,0,0,0
3,9,0,0,0,0,0,2,0,0,0,0,0,2,0,0,0,0,0,0,0,0,0,0,2,0,0,0
3,10,0,2,0,0,0,2,0,0,0,0,0,0,0,0,0,0,0,0,0,2,0,0,0,0,0,0
3,11,0,0,0,0,0,0,0,0,0,0,0,0,0,0,0,0,0,2,0,2,0,0,0,0,2,0
3,12,2,0,0,0,0,0,0,0,0,2,0,0,0,0,0,0,0,0,0,0,0,0,0,0,2,0
3,13,0,0,0,0,0,0,2,0,0,0,0,0,2,0,0,0,0,0,0,2,0,0,0,0,0,0
3,14,0,0,0,0,0,0,0,0,0,2,0,0,0,0,0,0,0,0,0,2,2,0,0,0,0,0
3,15,2,0,0,0,0,0,0,0,0,0,0,2,0,0,2,0,0,0,0,0,0,0,0,0,0,0
3,16,0,0,0,0,0,0,2,0,0,0,0,0,0,0,0,0,0,2,0,0,0,0,0,0,2,0
3,17,2,0,2,0,0,0,0,0,0,0,0,0,0,0,0,0,2,0,0,0,0,0,0,0,0,0
3,18,0,0,0,0,0,0,0,0,0,0,0,2,0,0,0,0,0,0,0,0,0,0,2,0,2,0
3,19,0,0,0,2,0,0,0,0,0,0,0,0,2,0,0,2,0,0,0,0,0,0,0,0,0,0
3,20,0,0,0,0,2,2,0,0,0,0,0,0,2,0,0,0,0,0,0,0,0,0,0,0,0,0
3,21,0,0,0,0,0,0,0,0,2,0,0,0,0,0,2,0,0,0,0,0,0,0,0,2,0,0
3,22,0,0,2,0,0,2,0,0,0,0,0,0,2,0,0,0,0,0,0,0,0,0,0,0,0,0
3,23,0,0,0,0,0,0,0,0,0,0,0,0,0,0,0,0,2,0,0,0,2,0,2,0,0,0
3,24,2,0,0,0,0,0,0,0,0,0,0,0,0,2,0,0,0,0,2,0,0,0,0,0,0,0
3,25,2,0,0,0,0,0,0,0,0,0,0,0,0,0,0,0,0,0,0,0,2,0,0,2,0,0
3,26,0,0,2,0,0,0,0,0,0,0,0,2,0,0,0,0,0,2,0,0,0,0,0,0,0,0
3,27,0,0,0,0,0,0,0,0,0,2,0,0,0,0,0,0,2,0,0,2,0,0,0,0,0,0
3,28,0,0,2,0,0,0,2,2,0,0,0,0,0,0,0,0,0,0,0,0,0,0,0,0,0,0
3,29,0,0,0,0,2,0,0,0,0,0,0,0,0,0,0,0,0,0,0,0,0,0,2,0,0,2
3,30,0,0,0,0,0,0,0,2,0,2,0,0,0,0,2,0,0,0,0,0,0,0,0,0,0,0
4,1,2,0,0,2,0,0,0,0,0,0,0,0,0,0,0,2,0,2,0,0,0,0,0,0,0,0
4,2,0,0,0,0,0,2,0,0,0,0,0,0,0,0,0,2,0,0,0,0,0,0,0,0,2,2
4,3,0,0,0,0,0,0,0,0,0,0,0,0,0,2,0,0,2,0,0,0,0,2,0,0,0,2
4,4,0,0,0,0,0,0,0,0,0,0,0,0,2,0,2,0,0,0,0,0,2,0,0,0,0,2
4,5,0,0,0,0,2,0,0,0,0,0,0,2,0,0,2,0,0,0,2,0,0,0,0,0,0,0
4,6,0,0,2,0,0,0,0,0,0,2,0,0,0,0,0,2,0,0,0,0,0,0,0,0,0,2
4,7,0,0,0,0,0,0,0,0,0,0,0,0,2,0,0,0,0,2,0,0,2,0,0,2,0,0
4,8,0,0,0,0,0,0,2,0,0,2,0,0,0,0,0,2,0,0,0,0,0,0,0,0,0,2
4,9,0,0,0,0,0,0,0,0,0,0,0,0,0,0,2,2,0,2,0,2,0,0,0,0,0,0
4,10,2,0,0,0,0,0,0,0,0,0,0,0,0,0,0,0,2,0,0,0,0,0,0,2,2,0
4,11,0,0,2,0,2,0,0,0,0,0,0,0,0,0,0,0,0,0,0,0,0,0,2,0,0,2
4,12,0,0,2,0,0,0,0,0,0,0,2,0,0,0,0,0,2,0,2,0,0,0,0,0,0,0
4,13,0,0,0,0,0,0,0,0,0,0,0,0,2,0,0,0,2,0,2,0,0,0,0,2,0,0
4,14,0,0,0,2,0,0,0,0,0,0,0,2,0,0,2,0,0,0,0,0,0,0,0,2,0,0
4,15,0,0,2,0,0,0,0,0,0,0,2,0,0,0,0,0,2,0,0,0,0,0,2,0,0,0
4,16,0,0,0,0,0,0,0,0,0,2,0,0,0,0,0,2,0,0,0,0,0,0,2,0,0,2
4,17,0,2,0,0,0,0,0,0,2,2,0,0,0,0,0,0,0,0,0,0,2,0,0,0,0,0
4,18,0,0,0,0,0,0,0,0,0,2,0,0,0,0,2,0,2,0,0,0,0,2,0,0,0,0
4,19,0,0,0,0,0,0,0,0,0,0,0,0,0,2,0,0,0,0,0,0,2,2,2,0,0,0
4,20,2,0,0,0,0,2,0,0,0,0,0,0,0,0,0,2,0,0,0,2,0,0,0,0,0,0
4,21,0,0,0,0,0,0,0,2,0,0,0,0,0,0,2,0,0,0,0,2,0,0,2,0,0,0
4,22,0,0,0,0,0,2,0,0,0,0,2,0,0,0,0,0,0,0,0,0,0,2,0,2,0,0
4,23,0,0,0,0,2,0,2,0,0,0,0,2,0,0,0,0,0,0,0,0,2,0,0,0,0,0
4,24,2,0,0,2,0,2,0,0,0,0,0,0,0,0,0,0,0,0,0,0,0,0,0,0,2,0
4,25,0,0,0,2,2,0,2,0,0,0,0,0,0,0,0,0,0,0,0,0,0,0,2,0,0,0
4,26,0,0,0,2,0,0,0,0,0,2,0,0,0,0,0,0,0,0,2,0,2,0,0,0,0,0
4,27,0,0,0,0,0,0,0,0,0,0,0,2,0,0,2,0,0,2,2,0,0,0,0,0,0,0
4,28,0,0,0,0,2,0,0,0,0,0,0,0,0,0,2,2,0,0,0,0,0,0,2,0,0,0
4,29,2,2,0,0,0,0,0,0,0,0,0,0,0,0,0,0,0,2,0,0,0,0,2,0,0,0
4,30,0,0,0,0,0,0,2,0,0,0,0,0,0,0,0,0,0,0,0,0,2,0,2,2,0,0
5,1,0,2,0,0,0,0,0,0,0,0,0,2,0,2,0,0,0,0,0,0,0,2,0,2,0,0
5,2,0,2,0,0,0,2,0,0,0,0,0,0,0,0,0,0,0,0,0,2,0,2,0,0,2,0
5,3,0,0,0,2,0,0,2,0,0,2,0,0,0,0,0,0,0,0,0,0,0,0,0,2,2,0
5,4,0,0,0,0,0,0,0,0,0,0,0,0,0,0,0,0,0,0,2,0,2,0,0,2,2,2
5,5,0,0,0,0,2,0,0,0,0,0,0,0,0,2,0,0,0,0,2,0,0,0,0,2,0,2
5,6,0,0,0,0,0,0,0,2,0,0,2,0,0,2,0,0,2,0,0,0,0,0,0,0,0,2
5,7,0,0,0,2,0,2,0,0,0,0,2,0,0,0,2,0,0,0,0,2,0,0,0,0,0,0
5,8,2,0,0,0,0,0,0,0,0,0,0,2,0,2,2,0,0,0,0,2,0,0,0,0,0,0
5,9,0,0,0,0,0,0,0,0,0,0,0,0,0,0,0,2,2,2,0,0,0,2,0,0,0,2
5,10,2,0,0,0,0,0,0,0,0,0,2,0,2,2,0,0,0,0,0,0,0,2,0,0,0,0
5,11,2,0,0,0,0,0,0,0,2,0,0,0,0,0,0,0,2,0,0,2,0,0,0,0,0,2
5,12,0,0,0,0,0,2,2,2,0,2,0,0,0,0,0,2,0,0,0,0,0,0,0,0,0,0
5,13,0,0,0,0,2,0,0,0,0,0,0,0,0,0,0,0,0,2,2,2,0,0,0,0,0,2
5,14,0,0,0,0,0,0,2,0,0,0,0,0,2,0,0,0,0,2,2,0,2,0,0,0,0,0
5,15,0,0,0,0,0,0,0,0,0,0,0,2,0,0,2,0,0,2,0,2,0,0,0,0,0,2
5,16,0,0,0,2,0,0,0,0,0,0,0,2,0,0,2,0,0,0,0,0,2,0,0,0,2,0
5,17,0,0,0,0,2,0,0,0,0,0,2,0,2,2,0,0,0,0,0,0,2,0,0,0,0,0
5,18,0,2,0,0,2,2,0,0,0,0,0,0,0,0,2,0,0,0,0,0,2,0,0,0,0,0
5,19,0,0,0,0,0,2,0,2,0,0,0,0,0,0,0,0,2,0,0,0,0,2,0,0,2,0
5,20,0,0,0,0,0,0,0,0,2,0,0,0,0,0,0,0,0,0,0,0,2,2,0,0,2,2
5,21,0,2,2,0,0,0,0,0,2,0,0,0,0,0,2,0,0,0,0,0,0,0,2,0,0,0
5,22,2,2,0,0,0,0,0,0,0,0,0,0,0,0,0,0,0,2,2,0,0,0,0,2,0,0
5,23,0,0,0,0,0,0,0,2,0,2,2,0,0,0,0,2,0,0,0,0,2,0,0,0,0,0
5,24,0,2,0,0,0,0,0,2,0,0,0,0,2,0,0,0,2,0,0,0,0,0,0,0,2,0
5,25,0,0,0,0,0,2,0,2,2,0,0,0,2,0,2,0,0,0,0,0,0,0,0,0,0,0
5,26,0,0,2,0,0,0,0,0,0,0,0,0,0,2,0,0,0,2,0,0,0,0,2,0,0,2
5,27,0,2,0,0,0,2,0,2,0,0,0,0,0,0,0,0,0,0,0,2,0,0,0,2,0,0
5,28,0,0,0,0,0,0,0,0,0,0,0,2,0,0,0,2,2,0,0,0,0,0,2,0,2,0
5,29,2,0,0,0,0,0,0,0,0,2,0,0,0,0,0,2,2,0,0,0,0,0,0,0,2,0
5,30,2,0,0,0,0,0,0,0,2,0,0,0,0,0,0,2,0,0,0,0,0,2,2,0,0,0
6,1,0,0,2,0,0,2,0,2,2,0,0,0,0,0,0,0,0,0,0,0,0,0,2,0,0,2
6,2,0,0,0,0,0,0,0,0,0,0,2,2,0,0,0,0,0,2,2,2,0,2,0,0,0,0
6,3,0,0,2,0,0,2,0,0,0,0,0,0,0,0,0,0,0,0,0,0,2,2,0,2,0,2
6,4,0,2,2,0,0,0,2,0,0,0,0,0,2,0,0,0,0,2,0,0,0,0,2,0,0,0
6,5,0,2,0,0,2,0,0,2,0,0,0,0,2,0,0,2,0,0,2,0,0,0,0,0,0,0
6,6,0,2,0,0,0,0,0,2,2,0,0,2,0,0,0,2,0,0,0,0,2,0,0,0,0,0
6,7,0,0,0,0,2,0,2,2,2,0,0,2,0,0,0,0,0,0,0,0,0,0,0,0,2,0
6,8,2,0,2,0,2,2,0,0,0,0,0,2,0,0,0,0,0,0,0,0,2,0,0,0,0,0
6,9,2,2,0,0,0,0,0,0,0,2,0,0,0,0,0,0,2,0,0,0,2,2,0,0,0,0
6,10,0,0,0,2,0,0,0,2,0,0,0,0,0,0,2,0,0,0,2,0,2,0,0,2,0,0
6,11,0,0,0,0,0,0,2,0,0,0,0,0,2,0,0,2,2,0,0,0,0,0,0,0,2,2
6,12,2,0,0,0,0,0,0,0,0,2,0,0,0,0,0,0,0,0,2,2,0,2,0,0,0,2
6,13,0,0,0,0,0,2,2,0,2,0,0,2,0,0,0,0,0,2,0,0,0,0,0,0,2,0
6,14,0,0,0,2,0,0,0,0,0,2,0,0,0,0,2,0,2,2,0,0,0,0,2,0,0,0
6,15,0,2,0,0,0,0,0,2,0,0,0,2,0,0,2,2,0,0,0,0,0,0,0,2,0,0
6,16,0,0,2,0,2,0,0,0,0,2,0,2,0,0,0,0,0,0,0,0,0,2,0,2,0,0
6,17,0,0,2,0,0,0,0,0,0,0,0,2,2,2,0,0,0,0,0,0,2,0,2,0,0,0
6,18,0,0,0,0,2,0,2,0,0,2,2,0,2,0,0,0,0,0,0,0,0,2,0,0,0,0
6,19,0,0,2,0,0,0,0,0,2,2,0,0,0,0,0,0,0,2,0,0,2,0,0,2,0,0
6,20,2,0,0,0,0,0,0,0,2,0,0,0,0,0,2,0,0,0,2,2,0,0,0,2,0,0
6,21,0,0,0,2,0,0,0,0,0,2,0,0,0,0,2,2,0,0,0,0,0,0,2,2,0,0
6,22,0,0,0,0,0,0,0,0,2,0,2,0,0,0,0,0,0,2,0,2,2,0,0,0,2,0
6,23,0,0,0,0,0,0,0,0,2,2,0,0,0,0,0,0,2,0,0,0,2,0,2,2,0,0
6,24,0,2,0,0,0,0,0,2,2,2,0,2,0,0,0,0,0,0,0,0,0,0,0,0,0,2
6,25,0,0,2,0,0,0,2,0,0,0,2,0,0,0,2,0,0,2,0,0,0,0,0,2,0,0
6,26,0,0,0,0,2,0,0,2,2,0,0,0,2,0,2,0,0,0,0,0,0,2,0,0,0,0
6,27,2,0,0,0,0,0,0,0,0,2,0,2,0,0,0,0,0,0,0,0,2,0,2,0,2,0
6,28,0,0,0,2,0,2,0,0,2,2,0,0,0,0,2,0,0,0,0,2,0,0,0,0,0,0
6,29,2,0,0,2,0,0,0,2,0,0,0,2,0,0,0,0,0,0,0,0,0,2,2,0,0,0
6,30,0,0,0,0,0,0,2,0,2,0,0,2,2,0,2,0,2,0,0,0,0,0,0,0,0,0
7,1,0,0,0,0,0,0,0,2,2,0,2,0,0,0,2,0,0,0,0,0,0,2,0,2,2,0
7,2,2,2,2,0,0,0,2,0,0,0,0,0,0,0,0,0,0,2,0,2,0,0,0,0,0,2
7,3,0,2,0,0,0,0,0,0,2,0,0,2,0,0,0,2,0,2,0,0,2,2,0,0,0,0
7,4,2,2,0,0,0,0,2,0,0,0,0,2,0,0,0,0,0,0,2,0,0,2,0,0,0,2
7,5,0,0,0,0,2,0,0,0,0,0,0,2,0,2,0,0,0,0,2,0,2,0,0,2,0,2
7,6,2,0,2,0,0,0,0,0,2,0,2,2,0,2,0,0,0,0,0,0,0,0,2,0,0,0
7,7,0,2,0,0,0,0,2,2,0,0,2,2,2,0,0,0,0,2,0,0,0,0,0,0,0,0
7,8,0,0,0,0,2,2,2,2,0,0,0,0,0,2,2,0,2,0,0,0,0,0,0,0,0,0
7,9,0,0,0,0,2,0,0,0,0,2,0,2,0,0,0,2,0,0,0,0,0,2,2,2,0,0
7,10,2,0,2,0,0,0,0,0,2,2,0,2,2,0,0,0,0,0,2,0,0,0,0,0,0,0
7,11,0,0,0,0,2,0,2,0,0,0,0,0,0,0,0,2,2,2,0,2,0,0,2,0,0,0
7,12,0,0,0,0,0,0,2,0,0,0,0,2,2,0,0,2,0,0,0,0,2,0,2,0,2,0
7,13,0,0,2,0,2,0,0,0,0,0,0,0,2,0,0,0,0,0,0,0,0,0,2,2,2,2
7,14,0,2,2,0,0,2,0,2,2,0,0,0,0,0,2,0,0,2,0,0,0,0,0,0,0,0
7,15,2,0,0,2,0,0,0,0,0,0,2,0,0,2,2,0,0,0,0,0,2,0,0,0,0,2
7,16,0,0,0,2,0,2,2,2,0,2,0,0,0,0,0,0,0,2,0,0,0,0,0,2,0,0
7,17,0,0,0,2,0,0,2,0,0,0,0,2,0,2,0,0,2,0,2,0,0,0,0,2,0,0
7,18,0,2,0,0,0,0,0,0,0,0,0,0,0,2,0,0,2,0,0,2,0,2,0,0,2,2
7,19,0,0,0,0,2,0,0,2,0,0,0,0,0,0,0,2,0,0,0,0,0,2,2,2,0,2
7,20,2,2,0,0,0,0,0,0,0,0,2,0,2,0,0,0,2,0,0,2,0,0,0,2,0,0
7,21,0,0,0,2,0,0,0,2,0,2,2,0,0,2,0,2,0,0,0,0,0,0,0,2,0,0
7,22,0,0,0,0,0,2,0,0,0,0,0,2,0,0,0,0,2,0,0,2,0,2,0,0,2,2
7,23,0,0,2,0,0,2,2,0,0,2,0,2,0,0,0,0,0,0,2,0,2,0,0,0,0,0
7,24,2,0,0,0,0,2,0,0,0,0,0,0,0,0,2,0,0,0,0,2,2,2,0,0,2,0
7,25,0,0,0,2,0,0,0,2,2,0,0,2,0,0,2,0,0,0,2,0,0,0,0,0,2,0
7,26,0,0,0,0,0,2,0,0,2,2,0,2,2,0,2,0,0,0,0,0,0,0,0,0,0,2
7,27,0,0,0,0,0,2,0,0,0,2,0,0,0,0,2,2,0,0,0,0,0,2,0,2,2,0
7,28,2,0,0,0,2,0,0,0,0,2,2,2,0,0,0,0,0,0,2,0,0,0,0,0,0,2
7,29,0,0,2,0,0,0,2,0,0,0,0,0,0,2,0,0,0,0,2,2,0,0,0,0,2,2
7,30,0,0,2,2,2,0,0,0,0,0,0,2,0,0,0,0,0,0,0,2,2,0,0,0,2,0
8,1,0,0,2,0,2,0,0,0,0,0,2,2,0,0,0,2,2,2,0,0,0,0,2,0,0,0
8,2,2,2,0,0,2,0,0,2,0,0,0,0,2,0,0,0,0,0,2,2,0,0,0,2,0,0
8,3,0,0,0,2,0,2,2,0,2,0,0,2,2,2,0,0,2,0,0,0,0,0,0,0,0,0
8,4,0,0,0,0,2,0,2,0,2,2,0,0,2,2,0,0,2,0,0,0,0,0,0,0,0,2
8,5,2,2,0,0,2,2,0,0,2,2,0,0,0,0,2,0,0,0,0,0,0,0,0,0,2,0
8,6,0,0,2,0,0,0,0,2,0,2,2,2,0,0,0,0,0,2,0,0,0,0,0,2,0,2
8,7,0,0,0,0,0,0,0,0,0,0,0,2,2,2,0,0,0,2,0,2,0,2,2,2,0,0
8,8,0,0,2,2,0,0,2,0,0,2,0,0,0,0,2,0,0,0,0,0,2,0,2,0,2,0
8,9,0,0,2,0,0,2,0,0,2,2,2,2,0,0,0,0,0,0,2,0,0,0,2,0,0,0
8,10,0,2,2,0,0,2,0,0,0,0,0,0,0,0,2,0,0,0,0,0,2,2,2,0,0,2
8,11,0,0,2,0,2,0,0,2,2,2,0,0,2,0,0,0,0,0,0,0,0,0,2,0,0,2
8,12,0,0,2,0,0,2,0,0,2,0,0,2,2,2,0,0,0,0,0,2,0,0,2,0,0,0
8,13,2,0,0,0,0,0,0,0,0,0,0,2,2,2,0,2,2,0,0,0,2,0,0,0,2,0
8,14,0,2,0,0,2,0,0,2,2,0,0,0,2,0,0,2,0,0,0,2,0,2,0,0,0,0
8,15,2,2,0,0,0,0,2,0,2,2,2,0,0,0,0,0,0,0,0,0,0,0,2,2,0,0
8,16,2,0,2,2,0,0,0,2,0,0,2,0,0,0,0,0,2,2,0,0,0,0,0,2,0,0
8,17,0,0,0,0,0,0,0,2,0,0,0,2,0,0,0,2,2,0,0,2,0,2,0,0,2,2
8,18,2,0,2,0,2,0,0,2,0,0,0,0,0,0,0,0,0,2,0,0,2,0,0,2,0,2
8,19,0,0,0,0,2,2,0,0,2,2,0,0,2,0,0,0,2,0,2,2,0,0,0,0,0,0
8,20,2,2,2,0,2,2,0,0,0,0,0,2,0,0,0,0,0,0,0,0,0,2,2,0,0,0
8,21,0,0,0,2,2,0,2,0,2,0,0,0,2,0,2,0,2,0,0,0,0,0,2,0,0,0
8,22,0,2,2,0,0,2,0,0,2,0,0,0,2,0,0,0,2,0,0,0,2,0,0,0,2,0
8,23,2,0,0,2,0,2,0,0,0,0,0,2,0,2,0,0,2,0,0,2,2,0,0,0,0,0
8,24,0,2,2,0,2,0,0,0,0,2,0,0,0,0,2,2,0,0,0,0,0,0,0,2,0,2
8,25,0,0,0,0,2,0,0,2,0,2,0,0,0,2,0,2,0,0,0,2,2,0,2,0,0,0
8,26,2,0,0,0,0,0,0,2,0,0,2,0,0,0,0,2,2,2,0,0,0,2,0,0,2,0
8,27,2,0,0,0,2,0,0,0,2,2,2,0,0,2,0,0,0,0,0,0,0,2,0,2,0,0
8,28,0,2,0,0,0,0,0,2,0,0,0,0,2,0,0,0,2,2,0,2,0,0,2,0,2,0
8,29,2,0,2,2,0,0,2,0,0,0,0,0,0,0,0,2,0,0,0,0,2,0,0,0,2,2
8,30,0,2,0,0,2,0,0,2,0,0,0,2,0,0,0,2,0,2,0,0,0,0,0,0,2,2
9,1,2,0,2,0,2,0,2,0,2,0,0,2,0,0,0,0,2,2,0,2,0,0,0,0,0,0
9,2,0,0,0,2,0,2,0,2,2,0,0,0,2,2,0,2,0,0,0,0,0,0,2,0,2,0
9,3,0,0,0,0,2,0,0,0,2,2,0,2,2,2,0,0,0,0,0,2,2,2,0,0,0,0
9,4,0,0,0,0,0,2,2,0,2,2,0,0,0,0,2,2,0,0,0,0,2,0,2,2,0,0
9,5,2,0,0,0,0,2,0,2,0,0,0,0,2,2,0,2,0,0,0,2,0,0,0,2,2,0
9,6,2,2,0,0,0,0,0,2,0,0,2,2,0,0,0,0,2,0,2,0,2,0,0,2,0,0
9,7,0,2,0,2,0,0,0,0,2,0,0,0,2,2,0,2,0,2,0,2,0,0,0,0,2,0
9,8,2,2,0,2,2,0,0,0,0,0,0,2,0,2,0,2,0,0,0,0,0,2,0,2,0,0
9,9,0,0,0,2,2,0,0,2,2,2,0,0,0,0,2,0,0,2,0,0,2,0,2,0,0,0
9,10,0,0,2,0,0,2,0,0,2,2,2,2,0,2,2,0,0,0,0,0,0,0,0,2,0,0
9,11,0,0,2,2,2,0,0,2,0,2,0,2,2,0,2,0,0,0,0,0,0,0,2,0,0,0
9,12,0,2,0,0,2,0,0,2,0,2,2,0,0,0,0,2,0,0,0,2,0,0,0,0,2,2
9,13,0,0,2,0,0,0,0,0,0,2,2,2,0,0,0,2,2,0,2,0,0,0,2,0,0,2
9,14,2,2,0,2,0,2,0,2,2,2,0,0,0,0,0,0,0,2,0,0,0,0,2,0,0,0
9,15,0,0,0,0,2,0,2,2,2,0,2,0,2,2,0,2,0,0,0,0,0,2,0,0,0,0
9,16,2,2,0,2,2,0,0,2,0,0,0,0,0,2,0,2,0,2,0,2,0,0,0,0,0,0
9,17,0,2,2,0,0,0,0,2,0,0,2,2,0,0,0,2,0,2,0,2,0,0,0,0,0,2
9,18,0,0,0,2,0,2,0,0,2,0,0,2,2,0,0,0,2,0,0,0,0,2,0,2,2,0
9,19,0,0,0,0,0,2,2,2,2,0,0,0,2,2,2,0,0,0,0,0,2,2,0,0,0,0
9,20,0,0,0,0,0,0,0,2,0,0,2,0,0,0,0,2,2,2,2,0,0,2,2,2,0,0
9,21,0,0,0,0,0,2,2,0,2,2,0,0,2,0,0,0,2,0,0,2,2,0,2,0,0,0
9,22,2,0,2,0,0,0,0,0,0,2,2,0,0,2,2,0,2,0,0,0,0,2,0,0,0,2
9,23,0,2,0,0,0,0,0,0,0,2,0,2,0,2,0,2,0,0,0,0,2,2,0,0,2,2
9,24,0,0,0,0,2,0,0,0,2,0,0,2,0,0,0,2,2,0,2,2,0,2,0,2,0,0
9,25,0,2,0,0,0,2,0,0,0,0,0,2,2,2,0,0,2,2,0,0,2,0,0,2,0,0
9,26,2,0,0,0,2,0,0,0,2,0,0,0,0,2,2,2,2,0,0,0,2,0,0,2,0,0
9,27,0,0,0,0,0,0,0,2,0,2,2,0,2,0,0,0,2,2,2,0,0,2,2,0,0,0
9,28,0,0,0,2,0,0,2,2,2,2,0,2,0,2,2,0,0,0,2,0,0,0,0,0,0,0
9,29,0,0,0,2,0,0,0,0,2,0,0,0,2,0,0,0,2,2,0,0,0,2,2,2,2,0
9,30,0,0,0,0,2,0,2,0,0,0,0,0,2,2,2,0,0,0,0,2,2,0,0,2,0,2
10,1,0,2,0,2,2,2,0,0,0,2,0,2,0,0,0,0,2,0,0,2,2,2,0,0,0,0
10,2,0,2,0,0,2,0,0,0,0,0,2,2,0,0,2,0,0,2,2,0,2,0,2,0,2,0
10,3,2,0,0,0,2,0,0,0,0,2,0,0,2,0,0,2,2,0,2,0,0,2,2,0,0,2
10,4,0,0,2,2,0,2,2,0,0,0,0,0,0,0,2,2,2,2,0,0,0,0,2,2,0,0
10,5,0,0,0,2,2,0,0,0,0,2,0,2,2,2,2,0,0,0,2,2,0,0,2,0,0,0
10,6,0,0,2,2,2,0,0,0,0,0,0,0,0,0,0,2,2,0,0,2,2,0,2,0,2,2
10,7,0,0,0,0,0,0,2,0,2,2,2,0,0,0,0,2,2,0,2,2,0,0,0,2,2,0
10,8,0,2,2,2,2,2,0,2,0,0,0,0,0,2,2,0,0,0,0,0,0,0,2,2,0,0
10,9,0,0,0,0,0,2,2,0,0,2,0,0,0,2,2,0,2,0,0,2,2,0,2,2,0,0
10,10,0,0,0,0,0,0,2,0,0,0,0,0,0,0,2,2,2,2,0,0,2,0,2,2,2,2
10,11,2,2,0,2,0,2,0,0,2,0,0,0,0,0,0,0,2,0,2,0,0,2,2,0,2,0
10,12,2,0,2,0,0,0,2,0,2,2,2,0,0,0,0,2,2,0,2,0,0,0,2,0,0,0
10,13,2,0,2,0,2,2,0,0,0,0,0,0,0,2,2,0,0,0,2,0,0,2,2,0,2,0
10,14,0,2,2,2,0,2,2,0,0,0,2,0,0,0,0,0,2,0,2,0,2,0,0,0,0,2
10,15,0,0,2,2,2,0,0,2,2,2,2,0,2,2,0,0,0,0,0,0,0,2,0,0,0,0
10,16,2,2,2,2,0,2,2,0,0,0,2,0,0,0,0,0,0,0,2,0,0,0,2,2,0,0
10,17,0,0,2,0,0,0,2,2,2,2,0,0,2,0,0,0,0,0,2,2,2,0,2,0,0,0
10,18,0,2,2,0,0,0,0,2,2,2,2,2,0,0,2,0,2,0,0,0,0,0,2,0,0,0
10,19,2,0,0,2,0,2,0,0,0,2,2,0,2,0,0,0,2,0,0,0,2,0,0,2,0,2
10,20,2,2,2,0,0,0,0,2,0,2,0,0,0,2,0,0,2,0,0,2,2,2,0,0,0,0
10,21,2,0,0,0,0,0,2,0,2,2,2,0,0,2,0,2,2,0,0,2,0,0,0,0,2,0
10,22,0,0,0,0,2,2,0,2,0,2,0,2,2,0,2,0,0,2,0,0,0,0,0,2,2,0
10,23,0,0,0,0,0,2,0,0,0,0,0,2,0,2,2,2,2,0,2,0,0,0,2,2,2,0
10,24,0,2,0,2,2,0,0,0,0,0,2,2,0,2,0,0,0,2,0,2,2,0,2,0,0,0
10,25,2,0,2,0,0,2,0,0,0,0,0,0,2,0,0,2,2,0,2,0,2,2,0,0,0,2
10,26,2,0,0,0,0,0,0,0,0,2,2,0,0,0,2,0,0,2,2,2,0,2,0,2,0,2
10,27,0,0,0,2,0,2,2,0,0,2,2,0,0,0,0,0,2,0,2,2,0,0,2,2,0,0
10,28,0,0,2,0,0,0,2,0,0,0,0,2,0,0,2,2,2,0,2,2,2,0,0,0,0,2
10,29,0,2,2,2,2,2,0,0,0,0,2,0,0,0,2,0,0,0,0,0,2,0,0,0,2,2
10,30,0,0,0,0,2,0,0,2,0,0,0,0,0,2,2,2,2,0,0,2,2,0,2,0,0,2
11,1,2,0,2,2,0,0,2,0,0,0,2,2,2,0,2,0,0,0,0,2,0,0,2,0,2,0
11,2,2,2,0,2,2,0,0,0,0,2,2,0,0,0,0,2,0,2,2,0,0,2,0,0,2,0
11,3,0,2,2,2,0,2,0,2,0,0,2,0,0,2,0,2,2,0,0,0,0,2,0,0,2,0
11,4,0,0,0,2,0,0,0,2,2,0,0,0,2,0,2,0,0,0,2,2,0,2,2,2,0,2
11,5,2,2,2,2,2,0,2,0,0,0,2,0,0,0,2,2,0,0,0,0,2,0,0,0,0,2
11,6,0,0,2,0,2,0,2,2,0,2,0,0,0,0,0,2,2,2,2,2,2,0,0,0,0,0
11,7,2,0,0,0,0,0,2,0,2,0,2,2,2,2,2,0,0,0,2,0,0,0,2,2,0,0
11,8,0,0,0,2,0,0,0,2,2,2,2,2,0,0,0,0,0,0,2,0,2,2,0,2,0,2
11,9,2,2,0,0,0,2,0,0,2,0,0,2,2,2,2,0,0,0,0,2,2,0,2,0,0,0
11,10,2,0,2,0,0,2,0,0,0,0,0,2,2,0,0,0,0,2,0,0,2,2,2,2,2,0
11,11,0,0,2,0,0,0,2,0,0,2,0,2,2,2,2,2,2,0,0,2,0,0,0,0,2,0
11,12,0,2,2,0,0,0,2,0,0,0,0,2,2,2,2,2,0,0,2,0,0,0,0,2,0,2
11,13,2,0,2,2,0,0,2,0,0,2,2,0,0,0,2,2,2,0,0,2,2,0,0,0,0,0
11,14,0,2,0,0,2,0,0,0,2,2,0,2,2,0,2,2,0,0,0,2,0,0,0,2,0,2
11,15,2,0,0,0,0,0,0,0,2,2,0,2,2,0,2,0,0,2,0,0,2,2,2,2,0,0
11,16,0,2,2,0,0,0,2,2,2,2,0,0,0,0,2,0,0,0,2,0,2,2,0,2,0,0
11,17,2,0,2,2,2,0,0,2,0,2,0,0,2,0,2,2,2,0,0,0,0,0,0,0,0,2
11,18,0,2,0,0,2,0,2,2,0,0,0,2,2,0,0,0,2,2,2,2,0,0,2,0,0,0
11,19,2,0,0,0,2,0,0,0,0,0,2,2,0,2,0,2,2,0,0,2,2,0,2,2,0,0
11,20,2,0,0,0,0,0,2,2,0,2,2,0,2,0,2,0,0,2,2,0,2,0,2,0,0,0
11,21,0,0,0,2,0,0,0,2,2,0,2,2,2,2,0,2,2,0,0,0,0,0,0,2,0,2
11,22,0,2,0,0,0,2,2,0,2,2,0,0,2,0,2,2,0,0,2,0,0,2,0,2,0,0
11,23,2,0,2,0,0,0,0,0,2,0,2,2,2,2,2,0,0,2,0,0,0,0,0,2,2,0
11,24,0,0,0,0,0,0,0,0,2,2,2,2,0,2,0,0,0,0,0,2,2,2,2,2,0,2
11,25,2,2,2,2,0,0,2,0,2,0,0,0,0,0,0,0,0,2,2,0,0,2,2,2,0,0
11,26,0,0,2,2,0,2,2,0,0,0,0,2,2,0,0,0,2,0,2,0,0,2,0,0,2,2
11,27,2,2,0,2,0,0,0,0,2,0,2,2,2,0,0,0,0,0,2,0,2,0,0,2,2,0
11,28,2,2,2,0,2,2,2,0,0,2,2,0,0,0,0,0,2,0,0,2,2,0,0,0,0,0
11,29,2,0,2,0,0,2,0,2,2,2,0,2,0,2,0,0,0,2,0,2,0,0,2,0,0,0
11,30,0,2,2,0,0,2,0,0,0,2,2,0,0,0,2,2,0,0,2,0,0,0,2,2,0,2
12,1,0,2,0,0,2,0,0,0,0,0,0,2,0,2,0,2,2,2,0,2,0,2,2,2,2,0
12,2,0,0,2,2,2,2,0,0,2,0,2,0,2,2,0,2,0,0,2,2,2,0,0,0,0,0
12,3,2,2,2,2,0,2,2,0,0,0,0,0,2,0,0,0,2,0,0,2,2,0,0,2,0,2
12,4,2,2,0,2,2,0,0,0,0,0,0,2,2,2,2,0,0,2,2,0,0,0,2,0,2,0
12,5,0,0,2,2,2,2,0,0,0,0,0,2,2,0,2,2,2,0,0,0,2,0,2,0,0,2
12,6,2,0,2,2,0,0,0,0,2,0,2,2,2,0,0,0,0,2,2,2,0,2,0,0,0,2
12,7,2,2,2,0,0,2,2,2,2,2,2,0,0,0,0,2,0,0,2,0,0,0,0,2,0,0
12,8,0,0,2,0,0,2,2,2,0,0,2,2,2,0,0,2,0,0,2,0,0,2,2,2,0,0
12,9,0,2,0,0,0,0,0,0,0,2,0,2,2,0,2,2,2,0,0,2,0,2,0,2,2,2
12,10,2,0,2,0,2,2,2,0,0,2,0,2,2,0,0,0,0,2,0,0,2,2,0,0,2,0
12,11,0,0,0,2,0,0,2,2,2,0,0,0,2,2,0,2,2,2,2,0,0,2,0,2,0,0
12,12,0,0,2,2,0,2,0,0,2,2,0,2,2,2,2,2,0,0,0,0,0,0,2,0,2,0
12,13,2,2,0,2,0,0,2,0,0,2,0,0,2,2,0,2,2,0,0,2,0,0,0,2,2,0
12,14,0,0,0,0,0,0,2,2,2,0,0,2,0,0,0,2,2,2,2,0,2,2,0,0,2,2
12,15,0,0,0,2,0,2,0,2,2,0,2,2,2,0,0,0,2,2,0,0,0,0,2,0,2,2
12,16,2,0,2,0,2,0,0,2,2,0,0,2,2,0,2,0,0,0,0,0,2,0,0,2,2,2
12,17,0,0,0,2,2,0,2,0,0,2,0,2,2,0,2,2,2,0,0,2,0,2,0,0,0,2
12,18,2,0,2,2,0,0,2,0,0,2,2,0,2,0,2,0,2,0,0,0,0,0,0,2,2,2
12,19,0,2,0,2,2,2,0,0,2,0,2,0,0,2,0,2,0,0,0,0,0,2,0,2,2,2
12,20,0,2,0,0,0,0,0,2,2,2,0,0,0,0,2,2,2,2,0,0,0,2,2,2,0,2
12,21,2,2,0,0,0,2,0,0,2,2,0,0,0,2,2,2,0,0,2,0,0,2,0,2,0,2
12,22,0,0,0,2,2,2,0,2,2,2,0,2,2,0,2,0,0,2,0,0,2,0,0,2,0,0
12,23,2,0,2,2,0,0,2,2,0,0,2,2,2,2,0,2,0,0,2,2,0,0,0,0,0,0
12,24,2,0,2,2,0,0,0,0,2,2,0,0,0,0,0,2,2,2,2,0,0,2,0,2,2,0
12,25,2,2,2,0,0,2,0,0,2,0,0,2,0,2,0,2,0,0,2,0,0,0,2,0,2,2
12,26,0,0,0,2,2,0,2,0,0,2,0,0,2,2,2,0,0,2,0,0,2,2,0,2,0,2
12,27,2,0,2,2,0,0,2,2,0,2,2,2,0,0,2,0,0,0,2,0,0,2,0,2,0,0
12,28,2,2,0,0,2,0,0,2,0,0,2,0,2,2,0,2,2,2,0,0,2,0,0,0,0,2
12,29,0,2,2,0,2,2,0,0,0,2,0,2,0,2,0,0,0,0,2,0,2,2,2,2,0,0
12,30,0,0,2,2,2,2,2,2,2,2,0,0,0,2,0,2,0,0,0,2,0,0,2,0,0,0
13,1,0,0,2,2,0,0,2,2,0,0,0,2,0,0,2,2,0,2,2,0,0,2,2,0,2,2
13,2,0,2,2,0,0,2,2,0,0,2,0,0,2,2,0,0,2,0,0,2,2,2,2,2,0,0
13,3,0,2,0,2,2,0,2,2,0,2,0,0,2,0,0,0,2,0,2,0,0,2,0,2,2,2
13,4,0,2,0,0,2,0,2,0,2,0,0,0,0,2,2,2,2,2,0,2,0,2,2,0,2,0
13,5,0,2,2,0,0,2,2,2,2,0,0,2,0,2,0,0,0,0,2,0,0,2,2,0,2,2
13,6,2,0,0,2,2,2,0,0,0,0,2,2,2,0,2,0,0,0,2,2,2,2,0,0,2,0
13,7,2,0,2,2,2,2,0,2,0,0,2,0,2,0,2,0,0,0,0,2,2,0,2,0,2,0
13,8,0,2,0,0,2,2,2,0,2,0,2,2,0,2,2,0,2,2,2,0,0,2,0,0,0,0
13,9,0,0,2,0,0,2,2,2,2,0,0,0,2,2,2,2,2,0,0,2,0,2,2,0,0,0
13,10,2,0,0,0,2,2,2,2,2,0,2,0,0,2,2,0,0,2,2,0,0,0,2,0,2,0
13,11,2,0,2,2,0,0,0,0,2,2,2,2,0,2,2,2,0,0,2,0,0,0,0,2,2,0
13,12,0,0,0,2,0,2,2,0,0,2,2,0,2,2,0,2,0,2,0,2,2,0,2,0,2,0
13,13,0,2,0,2,2,2,0,2,2,2,0,0,0,2,0,0,2,0,2,2,0,0,0,2,2,0
13,14,2,0,2,0,0,0,2,0,0,2,2,0,2,0,2,2,0,2,0,0,0,2,2,2,2,0
13,15,0,0,2,0,0,0,0,2,2,2,0,2,2,2,0,0,2,2,2,0,2,2,0,0,0,2
13,16,2,2,2,2,0,0,2,2,0,2,0,2,2,2,0,0,0,0,0,2,0,0,0,2,2,0
13,17,2,2,0,2,0,0,2,2,2,0,0,2,2,2,0,2,0,0,2,2,2,0,0,0,0,0
13,18,2,0,0,0,2,2,2,0,0,2,0,2,2,0,2,0,2,0,0,0,0,2,2,0,2,2
13,19,0,0,2,2,2,0,0,0,2,2,2,2,0,0,2,2,0,0,2,2,0,2,0,0,0,2
13,20,2,2,0,0,2,0,2,0,2,2,2,2,0,2,2,2,0,0,0,2,0,0,2,0,0,0
13,21,0,0,0,0,2,0,2,0,0,2,0,2,2,2,2,2,2,2,2,0,0,0,2,2,0,0
13,22,2,0,2,0,0,0,0,0,0,0,0,2,0,2,2,2,2,2,0,2,0,2,0,2,2,2
13,23,2,2,2,0,0,2,2,0,0,0,2,2,0,0,0,0,2,2,0,0,2,0,2,0,2,2
13,24,2,0,0,0,2,2,2,0,0,2,0,0,2,2,2,0,0,0,2,2,2,0,0,0,2,2
13,25,0,2,0,0,0,2,0,2,0,0,2,0,2,2,0,0,2,2,2,2,2,0,0,2,0,2
13,26,0,0,0,0,2,2,0,2,0,2,2,2,2,2,2,0,2,2,0,0,0,0,0,2,0,2
13,27,0,2,2,2,0,0,2,2,0,2,0,0,0,0,0,2,0,2,2,2,0,0,2,2,2,0
13,28,0,0,2,0,0,0,0,2,2,2,2,2,2,0,2,2,0,0,2,2,0,2,2,0,0,0
13,29,0,0,2,2,2,2,0,0,0,2,0,0,2,0,2,2,2,2,2,0,0,2,0,0,2,0
13,30,2,0,2,2,2,2,2,2,0,0,0,2,0,2,0,2,2,2,0,0,2,0,0,0,0,0
14,1,2,2,2,0,2,0,0,0,2,0,2,0,0,2,2,2,2,2,0,2,2,0,2,0,0,0
14,2,0,0,2,2,2,0,2,0,2,0,2,2,0,2,0,0,2,2,0,2,2,2,0,2,0,0
14,3,2,2,2,2,2,0,0,2,2,0,0,0,2,0,2,0,2,0,2,0,0,0,2,2,2,0
14,4,2,2,2,2,2,0,2,0,2,2,0,2,0,2,0,2,0,0,0,0,0,0,2,2,0,2
14,5,0,0,2,0,2,2,0,2,2,0,2,2,2,0,2,0,0,0,0,0,0,2,2,2,2,2
14,6,0,2,0,2,2,2,0,2,0,0,2,0,0,2,2,0,2,0,2,0,0,2,2,2,0,2
14,7,2,0,2,0,0,2,2,2,0,2,0,0,0,2,2,2,0,2,0,2,0,2,2,2,0,0
14,8,2,0,0,2,2,2,0,0,0,2,0,2,2,0,0,2,2,2,0,2,2,0,2,0,0,2
14,9,2,2,2,2,0,0,0,0,2,2,0,2,2,0,2,2,0,0,2,2,0,0,0,2,0,2
14,10,2,2,2,2,0,0,0,2,2,2,0,0,2,0,2,2,2,2,0,0,0,0,0,2,0,2
14,11,2,0,2,0,0,2,2,2,2,0,2,0,0,2,2,0,0,0,0,2,2,2,2,0,2,0
14,12,0,2,0,0,2,2,0,2,2,2,0,0,2,0,0,2,0,2,2,0,2,0,2,0,2,2
14,13,2,0,2,2,2,2,0,2,0,0,0,0,2,0,2,2,2,2,2,0,0,0,0,0,2,2
14,14,2,0,0,0,0,2,0,0,2,0,0,0,0,0,2,2,2,0,2,2,2,2,2,2,2,2
14,15,2,2,0,2,2,0,2,2,0,2,0,0,0,0,2,2,2,0,0,2,0,2,0,2,2,0
14,16,2,0,0,2,0,2,0,2,2,0,2,2,2,0,2,0,0,0,2,2,0,2,2,2,0,0
14,17,2,2,2,0,2,2,0,2,0,2,2,0,0,0,2,2,2,0,0,0,0,2,0,2,0,2
14,18,0,2,2,0,2,2,0,0,2,0,0,2,0,2,0,0,2,2,2,2,2,0,2,0,0,2
14,19,2,0,2,2,0,0,2,2,2,0,0,2,2,0,0,2,2,0,0,2,0,2,2,0,0,2
14,20,2,0,0,2,0,2,2,0,0,2,2,2,2,2,2,0,2,0,0,0,2,2,2,0,0,0
14,21,0,0,2,0,2,0,0,0,2,2,0,0,2,2,2,2,2,2,0,2,2,2,2,0,0,0
14,22,0,2,0,0,2,2,0,2,0,0,2,2,0,0,2,2,2,2,2,2,0,0,2,2,0,0
14,23,0,2,0,2,0,2,0,0,2,2,2,0,0,0,2,0,2,0,2,0,2,2,0,2,2,2
14,24,0,2,2,2,2,2,2,2,2,0,0,0,0,2,0,2,0,2,2,0,0,2,0,0,0,2
14,25,2,2,0,2,2,0,2,0,2,0,0,0,2,2,2,2,2,0,0,0,0,0,2,2,2,0
14,26,2,0,0,0,2,2,2,2,0,2,2,2,0,0,0,0,2,2,2,0,0,2,2,2,0,0
14,27,2,2,0,2,2,0,2,2,2,0,0,0,2,0,0,0,2,2,0,0,0,2,2,0,2,2
14,28,2,0,0,2,0,0,2,2,2,0,2,0,0,0,0,2,2,0,2,0,2,0,2,2,2,2
14,29,2,2,2,0,2,0,0,2,2,0,2,2,2,2,0,0,0,0,0,2,2,0,2,0,0,2
14,30,0,2,2,0,0,0,2,0,2,0,2,2,2,2,0,0,2,0,2,2,0,2,2,2,0,0
15,1,0,2,2,0,0,0,2,2,0,2,2,2,2,0,0,2,2,0,2,0,0,2,2,0,2,2
15,2,2,2,2,0,2,0,0,2,0,0,2,0,0,2,0,2,0,2,2,2,2,2,2,0,0,2
15,3,2,2,0,0,2,0,0,0,2,2,0,2,0,0,2,0,2,0,2,2,2,2,2,2,0,2
15,4,0,2,2,0,2,2,2,2,2,2,0,0,2,2,2,0,0,0,0,2,0,2,2,0,0,2
15,5,0,2,2,2,2,2,0,0,0,0,0,2,0,0,2,0,2,0,2,2,2,0,2,2,2,2
15,6,0,2,2,0,2,0,0,2,2,2,0,2,0,2,2,2,2,0,0,2,0,0,2,2,2,0
15,7,2,0,0,0,0,2,0,2,0,2,0,0,0,2,0,2,2,2,2,2,2,2,2,0,2,2
15,8,2,0,2,0,0,2,2,2,0,0,2,2,2,0,2,2,2,2,2,0,0,0,2,2,0,0
15,9,2,0,2,2,0,2,0,0,0,0,0,2,0,0,2,2,2,2,2,0,2,0,2,2,2,2
15,10,0,2,2,2,2,2,0,2,2,0,2,0,0,0,0,2,0,2,2,0,0,2,2,2,2,0
15,11,2,0,0,2,2,0,0,2,0,2,0,0,2,0,0,2,2,0,2,2,0,2,2,2,2,2
15,12,2,0,0,0,0,0,0,2,2,2,2,2,2,0,0,2,0,2,0,2,2,2,2,2,0,2
15,13,0,2,0,0,0,0,2,2,2,2,0,2,2,0,2,0,0,2,2,0,0,2,2,2,2,2
15,14,2,0,2,2,0,2,2,2,2,0,0,0,0,0,2,0,2,2,0,0,2,2,2,2,0,2
15,15,2,2,2,2,0,2,0,2,2,0,2,0,2,0,2,0,2,2,0,0,0,2,2,2,0,0
15,16,0,0,2,2,2,2,0,0,2,2,0,0,0,0,2,0,2,0,2,2,2,0,2,2,2,2
15,17,2,2,0,2,0,0,2,2,2,2,0,0,2,2,2,2,2,0,0,0,0,0,2,2,2,0
15,18,2,0,2,0,0,2,2,0,0,2,2,0,0,0,0,2,2,2,2,2,0,2,2,2,0,2
15,19,0,2,2,2,0,2,0,2,2,2,0,2,0,2,0,2,0,2,2,0,2,0,2,0,2,0
15,20,2,0,2,2,0,0,0,2,2,0,0,2,2,2,2,2,2,2,2,2,0,0,0,0,2,0
15,21,2,0,2,2,0,0,2,0,0,2,0,2,2,0,0,2,2,2,2,2,2,0,0,2,2,0
15,22,0,0,0,2,2,2,2,0,0,2,2,0,0,2,2,0,2,2,2,2,2,0,0,2,2,0
15,23,2,2,2,2,0,2,0,2,0,0,2,0,0,2,0,0,2,2,2,2,2,2,0,2,0,0
15,24,0,2,2,2,0,2,0,0,0,0,2,0,2,2,2,2,2,2,0,2,2,2,0,2,0,0
15,25,2,0,2,2,0,0,0,2,2,2,2,0,2,2,0,0,2,2,0,0,2,2,0,2,0,2
15,26,0,2,0,0,0,2,2,2,2,0,2,0,2,2,2,0,0,0,0,2,2,0,2,2,2,2
15,27,0,2,2,0,0,2,0,0,2,2,0,0,0,2,2,2,0,0,2,0,2,2,2,2,2,2
15,28,2,0,2,0,0,2,2,0,0,2,2,2,2,2,0,2,2,2,0,2,2,0,0,2,0,0
15,29,2,0,0,2,2,0,2,0,0,2,2,2,0,0,2,2,0,2,0,0,2,0,2,2,2,2
15,30,2,0,0,2,2,0,2,2,0,2,0,0,2,0,2,2,2,2,2,0,2,2,2,0,0,0
16,1,2,2,0,0,0,0,2,0,2,0,2,2,2,2,0,0,0,2,2,2,2,2,2,2,2,0
16,2,0,2,0,2,2,0,2,2,2,0,0,0,2,2,2,0,0,2,2,0,2,2,2,2,2,0
16,3,2,2,0,2,2,2,2,2,0,0,2,0,2,2,0,0,2,2,0,2,2,0,0,2,2,0
16,4,2,0,2,2,2,0,2,2,0,0,2,2,2,0,0,2,0,0,2,2,2,0,2,2,2,0
16,5,2,2,0,2,2,0,2,2,2,2,0,0,2,0,2,2,0,2,2,2,0,0,2,2,0,0
16,6,0,2,0,0,0,0,2,2,2,2,0,2,2,2,2,0,2,2,0,2,0,2,2,0,2,2
16,7,2,2,2,2,0,2,2,0,2,0,2,2,0,0,2,2,0,2,2,2,0,2,0,2,0,0
16,8,0,0,0,2,2,0,2,2,2,2,0,2,2,2,0,2,0,0,0,2,0,2,2,2,2,2
16,9,2,2,2,0,0,2,2,2,2,2,2,0,0,2,2,0,0,0,0,2,2,2,0,0,2,2
16,10,2,0,0,0,2,0,2,2,2,0,2,2,0,2,2,2,2,2,2,0,0,0,2,2,0,2
16,11,0,2,2,2,0,2,0,2,2,2,2,0,0,0,2,2,2,2,0,2,2,0,2,0,0,2
16,12,2,0,0,2,0,0,2,2,2,0,2,2,2,2,0,2,2,2,2,2,0,2,0,2,0,0
16,13,0,2,2,2,2,2,2,0,0,0,0,2,0,2,2,0,2,2,2,0,2,2,0,0,2,2
16,14,0,2,2,2,0,2,2,0,2,0,2,2,2,2,0,2,0,0,2,2,0,0,0,2,2,2
16,15,2,2,0,0,2,2,2,2,0,2,2,2,0,0,0,2,2,0,2,2,0,2,2,0,0,2
16,16,0,0,2,0,2,2,0,0,2,2,2,0,2,0,2,2,2,2,2,0,0,2,2,0,2,2
16,17,0,0,2,2,2,2,0,0,2,0,2,2,0,2,0,0,2,2,2,2,2,2,2,0,0,2
16,18,0,0,2,2,0,0,2,2,2,2,2,2,2,2,0,2,0,2,0,2,0,0,0,2,2,2
16,19,2,0,0,2,2,2,0,0,2,2,0,2,0,2,2,2,0,2,0,2,2,2,2,0,0,2
16,20,2,0,0,2,0,0,2,2,0,2,2,2,2,2,0,0,2,2,2,2,2,0,0,2,0,2
16,21,0,2,2,2,2,2,0,0,0,0,2,0,2,2,0,2,2,0,2,0,2,0,2,2,2,2
16,22,2,2,0,0,2,0,0,2,0,2,0,0,2,0,2,2,2,2,2,2,2,2,2,0,2,0
16,23,2,0,2,0,0,2,2,0,2,2,0,0,2,0,2,2,2,0,2,2,0,2,2,2,0,2
16,24,2,2,2,2,2,2,2,0,0,0,2,2,0,0,2,2,2,0,0,0,2,2,2,0,2,0
16,25,0,2,0,2,2,2,2,0,2,0,2,2,0,0,2,2,2,0,0,2,0,2,2,2,0,2
16,26,2,0,2,2,2,2,0,2,2,0,0,0,0,2,2,2,2,2,2,2,0,2,0,0,2,0
16,27,0,2,0,0,2,2,2,2,2,0,2,0,2,2,2,2,0,0,2,0,2,2,2,0,2,0
16,28,2,0,2,2,2,2,2,2,2,2,0,2,0,2,2,0,0,0,2,2,0,2,0,0,2,0
16,29,2,2,2,2,0,2,2,2,2,0,0,2,2,0,0,2,0,2,2,2,0,0,2,0,0,2
16,30,2,2,2,0,2,2,2,2,2,0,2,2,0,2,2,0,2,0,0,2,0,0,2,2,0,0
17,1,2,2,2,2,0,0,2,2,2,0,0,2,2,2,2,0,0,2,2,0,2,0,0,2,2,2
17,2,2,2,0,0,2,2,0,0,0,0,2,2,2,2,2,2,2,2,2,2,0,2,0,0,2,2
17,3,0,0,0,2,0,2,2,2,0,2,2,0,2,2,0,2,2,2,2,0,2,2,2,2,0,2
17,4,2,0,2,0,0,2,2,0,2,0,2,2,2,2,0,2,2,0,2,2,0,2,2,0,2,2
17,5,2,0,0,0,2,2,0,2,2,0,0,2,2,2,2,2,2,2,0,2,2,0,2,2,0,2
17,6,2,0,2,2,2,2,2,0,2,0,2,2,0,2,2,0,0,2,0,2,2,2,2,0,0,2
17,7,0,2,2,2,0,2,2,0,2,2,2,2,2,2,2,0,0,2,0,2,0,0,2,2,0,2
17,8,2,2,0,2,0,2,2,0,2,0,2,0,2,2,2,0,0,2,0,0,2,2,2,2,2,2
17,9,0,2,0,2,2,0,0,0,2,2,0,2,0,2,0,2,2,0,2,2,2,2,2,2,2,2
17,10,0,2,2,2,2,2,2,0,2,2,0,2,2,2,2,0,2,2,2,0,0,0,2,0,2,0
17,11,0,2,2,2,2,0,0,2,2,2,2,0,2,2,2,2,2,0,2,0,0,2,2,0,0,2
17,12,2,2,2,2,2,2,2,0,2,0,2,2,2,0,2,0,2,0,0,2,2,2,0,2,0,0
17,13,2,2,0,2,0,0,0,0,2,2,0,2,2,2,2,2,2,2,0,2,2,2,2,0,2,0
17,14,0,2,0,2,0,0,2,2,2,2,2,2,2,0,2,0,2,0,2,0,2,0,2,2,2,2
17,15,0,2,0,0,2,2,2,2,2,0,2,2,2,2,2,2,0,0,2,0,2,0,2,2,2,0
17,16,0,0,2,2,2,0,2,0,2,0,2,2,2,2,2,0,2,2,0,2,2,2,2,2,0,0
17,17,2,2,2,0,0,2,2,2,0,2,0,2,2,0,2,0,2,2,0,0,2,2,0,2,2,2
17,18,2,0,2,2,2,2,0,2,2,0,2,2,2,0,0,0,2,2,0,0,2,2,2,2,0,2
17,19,0,2,2,2,2,2,2,2,0,2,0,2,2,2,2,2,2,2,0,2,0,0,0,0,2,0
17,20,0,0,2,2,0,2,2,2,2,0,2,0,2,0,2,2,2,0,2,2,0,2,2,2,2,0
17,21,2,0,2,0,0,2,2,2,2,2,0,0,2,2,2,2,2,2,2,2,0,0,2,0,2,0
17,22,2,2,0,2,2,2,2,2,0,2,2,0,2,0,2,2,0,2,0,0,2,2,0,0,2,2
17,23,0,0,2,0,0,2,2,2,0,0,2,0,2,0,2,2,2,2,2,0,2,2,2,2,2,2
17,24,2,2,0,2,2,2,0,0,0,2,2,2,0,2,0,2,2,2,2,0,2,2,0,0,2,2
17,25,0,2,2,2,2,2,2,2,0,0,2,2,0,2,2,2,0,0,0,2,2,2,2,2,0,0
17,26,2,2,2,2,2,0,0,2,0,2,2,0,2,2,2,0,2,2,0,0,2,2,0,2,0,2
17,27,2,2,2,0,2,2,2,0,0,0,2,0,0,0,2,2,2,2,0,0,2,2,2,2,2,2
17,28,2,2,2,2,0,2,2,2,0,0,2,2,2,2,2,0,2,2,0,0,0,0,2,2,2,0
17,29,0,2,0,2,2,2,2,2,2,2,0,2,2,0,2,0,2,0,2,2,0,2,2,0,2,0
17,30,0,2,0,2,0,2,0,2,0,2,0,2,2,0,2,2,2,2,2,2,2,0,2,2,2,0
18,1,2,0,0,2,2,0,0,2,2,0,2,2,0,2,2,2,2,0,2,2,2,0,2,2,2,2
18,2,2,2,2,2,2,2,2,2,0,2,2,0,2,0,2,2,2,2,0,0,0,2,2,0,0,2
18,3,0,0,0,2,2,0,2,2,0,2,0,2,2,2,2,2,2,2,2,2,2,2,2,2,0,0
18,4,2,2,2,2,0,0,2,0,2,0,2,2,2,0,0,2,2,2,2,0,0,2,2,2,2,2
18,5,0,2,2,0,0,2,2,2,2,2,2,2,2,0,2,0,2,0,2,2,0,2,2,2,2,0
18,6,2,2,0,2,2,2,2,2,2,2,0,0,2,2,0,2,2,2,0,2,0,0,2,0,2,2
18,7,2,2,2,2,2,0,2,0,2,2,2,2,2,0,0,2,2,0,2,2,0,0,2,2,0,2
18,8,2,2,2,2,2,2,0,0,0,2,2,2,2,2,2,0,0,2,2,2,0,2,2,2,0,0
18,9,2,2,2,0,0,2,0,2,2,2,2,0,2,0,2,0,2,2,0,2,0,2,2,2,2,2
18,10,2,0,2,0,2,2,2,2,0,2,2,2,2,0,2,0,2,2,0,2,2,0,2,2,2,0
18,11,2,2,2,2,2,2,0,2,0,2,0,2,2,2,2,2,0,0,2,0,2,2,2,0,2,0
18,12,0,0,0,2,0,2,2,2,2,2,2,2,2,2,2,0,2,2,2,0,2,2,0,2,2,0
18,13,2,2,2,0,2,2,2,2,0,2,2,2,2,2,2,0,0,0,2,0,2,2,0,0,2,2
18,14,0,2,2,2,0,0,0,0,2,2,2,0,2,0,2,2,2,2,0,2,2,2,2,2,2,2
18,15,0,0,2,0,2,2,2,2,2,2,2,0,2,0,2,0,2,2,2,2,2,0,2,2,0,2
18,16,2,0,2,0,2,2,2,2,2,2,0,2,0,0,2,2,2,2,2,0,2,2,0,2,0,2
18,17,0,0,2,0,2,2,2,2,2,2,2,2,2,2,2,2,0,0,2,0,2,2,2,0,2,0
18,18,0,2,2,2,2,2,0,2,0,2,2,2,2,0,2,2,2,0,2,0,0,2,2,0,2,2
18,19,2,2,2,2,2,2,2,2,0,2,0,2,2,2,2,0,0,2,2,2,0,0,0,0,2,2
18,20,2,2,2,2,2,2,2,0,2,0,2,0,2,0,0,2,2,2,2,2,0,2,2,0,0,2
18,21,2,0,0,2,0,2,2,2,2,2,2,0,2,2,2,0,2,0,2,0,0,2,2,2,2,2
18,22,2,2,0,0,0,2,0,2,2,0,2,2,2,2,2,2,2,0,2,0,2,2,2,0,2,2
18,23,2,2,2,2,2,0,2,2,0,0,2,2,2,2,2,0,2,2,2,0,0,2,0,2,0,2
18,24,2,2,0,2,0,2,0,2,2,2,2,2,0,2,0,2,2,2,0,2,0,2,2,2,0,2
18,25,2,2,2,2,2,0,0,2,2,2,2,0,0,0,2,2,2,0,2,2,0,2,2,2,0,2
18,26,0,0,0,0,2,2,2,2,0,2,2,2,2,2,0,2,2,2,2,0,2,2,2,0,2,2
18,27,2,0,2,2,2,2,2,2,2,0,2,2,2,2,0,2,0,2,0,2,2,2,0,0,0,2
18,28,2,2,2,0,2,2,0,2,2,2,2,0,0,2,2,2,2,2,2,2,0,0,2,0,0,2
18,29,2,0,2,2,2,0,2,2,0,0,2,0,0,2,2,2,2,2,2,0,0,2,2,2,2,2
18,30,0,2,2,2,0,2,0,2,2,0,0,0,2,2,2,2,2,0,2,2,2,2,2,0,2,2
19,1,0,2,2,2,0,2,0,2,2,2,0,2,0,2,2,2,2,0,2,2,2,2,2,2,2,0
19,2,2,0,2,0,2,2,0,2,0,2,0,0,2,2,2,2,0,2,2,2,2,2,2,2,2,2
19,3,2,2,0,2,2,0,2,2,0,2,2,2,2,2,0,0,2,2,2,2,0,2,2,2,2,0
19,4,2,0,2,0,2,2,2,2,0,2,2,2,0,0,2,2,2,2,2,2,0,2,2,0,2,2
19,5,2,0,2,0,2,2,0,0,2,2,2,2,2,0,2,2,0,0,2,2,2,2,2,2,2,2
19,6,2,0,2,2,2,2,2,2,2,0,0,0,2,2,2,0,2,2,2,2,2,2,2,0,0,2
19,7,2,2,2,2,0,2,2,0,2,2,2,2,2,2,2,2,2,2,2,0,2,0,2,0,0,0
19,8,2,0,2,2,2,2,0,2,2,0,2,2,2,0,2,2,2,0,2,2,2,2,2,0,0,2
19,9,2,2,0,2,0,2,0,2,2,2,2,2,2,2,2,2,2,2,0,2,2,0,0,2,0,2
19,10,2,2,0,0,2,0,2,2,2,2,0,0,2,2,2,2,0,2,2,2,2,2,2,2,2,0
19,11,2,2,0,0,2,2,0,2,2,2,2,2,2,2,2,0,2,2,0,2,2,2,0,2,2,0
19,12,0,2,2,2,2,0,2,0,2,2,0,2,2,2,2,2,0,2,0,2,2,0,2,2,2,2
19,13,0,2,0,2,2,2,2,2,2,2,2,2,2,2,2,0,0,0,2,2,2,0,2,2,2,0
19,14,2,2,2,2,2,2,0,0,2,2,2,0,2,0,2,2,0,2,2,2,2,2,0,2,0,2
19,15,2,2,2,0,2,2,0,0,2,2,2,2,2,2,0,2,2,0,2,2,0,2,2,2,2,0
19,16,0,2,0,2,2,2,2,2,2,0,2,2,2,0,0,0,2,2,2,2,2,0,2,2,2,2
19,17,2,2,2,0,2,2,2,2,2,2,2,2,0,2,2,0,2,0,2,2,0,2,2,2,0,0
19,18,2,2,2,2,2,2,0,2,2,2,2,0,0,2,2,2,2,2,0,2,0,2,0,2,0,2
19,19,2,2,2,0,0,0,2,2,2,2,2,2,0,2,0,2,2,0,2,2,2,2,0,2,2,2
19,20,2,0,2,2,0,2,0,2,2,0,2,2,2,2,2,2,2,0,0,2,2,2,0,2,2,2
19,21,2,2,2,0,2,2,0,2,2,2,2,0,2,2,2,2,2,0,2,0,2,2,2,2,0,0
19,22,2,2,2,2,2,0,2,2,2,0,0,2,0,2,2,2,2,0,0,2,2,0,2,2,2,2
19,23,0,2,0,2,2,2,2,2,0,2,2,2,2,2,2,2,2,2,0,2,2,2,0,2,0,0
19,24,2,2,2,2,2,2,2,0,0,2,0,2,0,0,0,2,2,0,2,2,2,2,2,2,2,2
19,25,2,2,2,0,2,0,2,2,2,2,0,0,2,0,2,0,0,2,2,2,2,2,2,2,2,2
19,26,2,2,2,0,2,2,0,2,2,2,2,2,0,2,0,0,2,2,0,2,2,0,2,2,2,2
19,27,2,2,2,2,2,2,0,0,0,2,2,2,0,2,0,2,0,2,2,2,2,2,2,0,2,2
19,28,0,2,2,2,2,0,0,2,2,2,2,2,0,2,0,2,2,2,0,2,0,2,2,2,2,2
19,29,2,0,0,2,2,2,2,2,0,2,2,2,2,0,0,2,2,0,2,2,2,0,2,2,2,2
19,30,2,2,0,0,2,2,0,2,2,2,2,2,0,0,2,0,2,2,2,2,2,0,2,2,2,2
20,1,2,0,2,2,0,2,0,0,2,0,0,2,2,2,2,2,2,2,2,2,2,2,2,2,2,2
20,2,2,0,2,2,0,2,2,2,2,2,2,0,2,2,2,2,2,0,2,0,0,2,2,2,2,2
20,3,0,2,2,2,2,0,2,2,0,2,2,2,2,2,2,2,0,2,2,0,2,2,0,2,2,2
20,4,2,0,0,2,2,2,2,2,2,0,0,2,2,2,0,2,2,2,2,2,2,2,2,2,2,0
20,5,0,0,2,2,2,2,0,2,2,2,2,2,0,2,2,2,2,2,0,2,2,2,2,0,2,2
20,6,2,2,2,2,0,2,2,2,0,2,2,0,2,2,2,2,2,2,2,2,2,0,2,2,0,0
20,7,0,2,0,2,2,2,0,2,2,2,2,0,2,2,2,2,2,2,2,2,0,0,2,2,2,2
20,8,2,2,2,2,2,0,2,0,2,2,0,2,2,0,2,0,2,0,2,2,2,2,2,2,2,2
20,9,2,2,2,0,0,2,2,2,2,2,2,2,2,2,0,2,2,2,0,2,0,2,2,2,0,2
20,10,2,0,2,0,2,2,2,2,2,2,2,0,2,2,2,2,0,2,2,0,0,2,2,2,2,2
20,11,2,2,0,2,2,2,0,2,2,2,2,2,2,0,2,0,0,2,2,2,2,2,0,2,2,2
20,12,2,2,2,0,0,2,2,2,2,2,2,2,0,2,0,2,2,2,2,2,0,2,0,2,2,2
20,13,2,2,0,2,2,2,2,2,2,0,2,0,2,2,2,2,0,2,2,0,2,2,0,2,2,2
20,14,2,2,0,2,2,2,2,0,2,2,2,2,2,0,2,2,0,2,0,2,2,2,0,2,2,2
20,15,2,2,0,0,2,0,2,2,2,2,2,0,0,2,0,2,2,2,2,2,2,2,2,2,2,2
20,16,2,0,2,2,0,2,0,2,2,2,0,2,2,2,0,2,0,2,2,2,2,2,2,2,2,2
20,17,2,2,2,2,2,0,2,2,2,2,0,2,2,2,2,0,2,0,2,2,2,0,2,2,2,0
20,18,2,2,2,0,0,2,2,0,0,2,2,2,2,2,2,2,2,2,0,2,2,0,2,2,2,2
20,19,2,2,2,2,0,0,2,0,2,0,2,2,2,0,2,2,2,2,2,2,2,2,2,2,2,0
20,20,2,0,2,2,2,2,2,2,0,0,2,2,2,2,2,2,0,2,0,2,2,2,2,2,2,0
20,21,2,2,0,2,2,2,2,2,0,0,2,2,2,2,2,2,2,2,0,2,0,0,2,2,2,2
20,22,2,2,0,2,2,2,0,0,2,2,2,2,2,2,2,2,0,2,2,0,2,0,2,2,2,2
20,23,0,2,2,2,2,2,0,2,2,2,2,2,2,2,2,2,2,2,0,2,2,0,2,0,0,2
20,24,2,2,2,2,2,2,2,2,2,2,2,0,0,2,2,2,2,2,2,2,2,0,2,0,0,0
20,25,0,2,2,2,0,2,2,2,2,0,0,2,0,2,2,2,2,2,2,2,2,2,2,0,2,2
20,26,2,2,2,2,2,2,0,2,2,2,0,2,0,2,2,2,2,0,2,2,2,2,2,0,2,0
20,27,2,2,2,2,0,0,0,2,2,0,2,2,0,2,2,2,2,2,2,2,2,2,2,2,2,0
20,28,2,2,2,0,0,2,2,0,2,2,2,2,2,2,2,0,2,2,0,0,2,2,2,2,2,2
20,29,2,2,2,2,2,0,2,2,2,2,2,0,0,0,2,2,2,0,2,2,2,2,2,0,2,2
20,30,2,2,2,0,2,2,2,2,2,2,0,2,2,0,2,2,0,2,0,2,2,2,2,0,2,2
21,1,2,2,2,2,0,0,2,2,2,2,0,2,2,2,2,2,2,2,2,0,2,2,2,2,0,2
21,2,0,2,0,0,2,0,2,2,2,2,2,2,2,2,2,2,2,2,0,2,2,2,2,2,2,2
21,3,2,2,2,2,0,2,2,2,0,2,2,2,0,2,0,2,2,2,2,0,2,2,2,2,2,2
21,4,2,2,2,2,2,0,0,2,2,2,2,2,0,0,2,2,2,2,2,2,2,2,0,2,2,2
21,5,2,2,2,2,0,0,2,2,2,2,0,2,2,2,2,0,2,2,2,2,0,2,2,2,2,2
21,6,2,2,2,2,2,2,0,2,2,2,2,2,2,2,2,2,0,2,0,0,2,2,0,2,2,2
21,7,0,0,2,2,2,0,2,2,0,2,2,0,2,2,2,2,2,2,2,2,2,2,2,2,2,2
21,8,2,2,2,2,0,2,0,0,0,2,2,2,2,2,0,2,2,2,2,2,2,2,2,2,2,2
21,9,2,0,2,2,2,2,2,0,2,2,2,2,2,2,0,2,2,2,2,2,0,2,2,0,2,2
21,10,2,0,0,0,2,2,2,2,2,2,2,2,0,2,2,2,2,2,2,0,2,2,2,2,2,2
21,11,2,2,2,2,2,2,0,2,0,0,2,2,2,2,2,2,0,2,0,2,2,2,2,2,2,2
21,12,2,0,2,2,2,0,2,0,0,2,2,2,2,2,2,2,2,2,2,2,2,0,2,2,2,2
21,13,2,2,0,2,2,2,2,0,2,2,0,2,2,2,0,2,2,0,2,2,2,2,2,2,2,2
21,14,2,2,2,2,2,2,0,2,0,2,2,2,2,2,0,2,2,2,0,2,0,2,2,2,2,2
21,15,2,2,2,2,0,2,0,2,2,2,2,0,2,2,2,2,2,2,2,2,0,2,2,2,0,2
21,16,2,2,0,2,2,2,2,2,2,2,2,2,2,0,2,0,0,2,0,2,2,2,2,2,2,2
21,17,2,2,0,2,2,0,2,2,2,2,2,2,2,2,2,2,0,2,2,0,2,2,2,2,0,2
21,18,2,2,2,0,2,2,0,2,2,2,2,2,2,2,2,2,2,2,2,0,2,2,0,0,2,2
21,19,2,2,2,2,2,2,2,2,0,0,2,2,2,2,2,2,2,0,2,2,0,0,2,2,2,2
21,20,2,2,2,0,2,0,2,2,2,2,2,2,2,2,2,2,0,2,0,2,2,2,2,0,2,2
21,21,2,0,2,2,2,2,2,2,2,2,0,2,0,2,2,2,2,2,2,2,0,2,0,2,2,2
21,22,0,2,0,2,2,2,2,2,2,2,2,0,2,2,2,0,2,2,2,2,2,2,2,0,2,2
21,23,2,0,2,0,2,2,2,2,2,2,2,2,2,0,2,2,2,2,0,2,2,2,2,2,2,0
21,24,2,0,2,2,0,2,2,2,2,2,2,2,2,0,2,2,2,2,2,2,2,2,0,0,2,2
21,25,2,2,2,2,2,2,2,0,2,2,2,0,2,2,2,0,0,0,2,2,2,2,2,2,2,2
21,26,2,2,2,0,2,0,2,2,2,2,2,2,2,0,2,2,2,2,2,2,0,2,2,0,2,2
21,27,2,2,2,0,2,0,2,2,2,2,0,2,2,2,2,2,2,2,2,0,2,0,2,2,2,2
21,28,2,0,2,2,2,2,2,2,0,2,2,2,2,0,2,2,2,2,2,0,2,0,2,2,2,2
21,29,2,0,2,0,0,2,2,0,2,2,2,2,2,2,2,2,0,2,2,2,2,2,2,2,2,2
21,30,2,2,0,0,2,2,2,2,2,2,2,2,0,2,2,2,2,2,2,2,2,2,0,2,2,0
22,1,2,0,0,2,2,2,2,2,2,2,2,2,2,2,2,2,2,2,0,2,0,2,2,2,2,2
22,2,2,2,2,2,2,2,2,2,0,0,2,2,2,2,2,2,2,2,0,2,2,2,2,2,0,2
22,3,2,0,2,2,2,2,2,2,2,0,2,2,2,0,2,2,2,2,2,0,2,2,2,2,2,2
22,4,2,2,2,2,0,2,2,2,2,0,2,0,2,2,2,2,2,2,0,2,2,2,2,2,2,2
22,5,2,2,2,2,2,2,2,0,2,2,2,2,2,0,2,0,2,2,2,2,0,2,2,2,2,2
22,6,2,2,2,2,2,2,2,2,2,2,2,2,0,0,2,2,2,2,2,0,2,2,0,2,2,2
22,7,2,2,2,2,2,0,2,2,2,2,0,0,2,2,2,2,2,2,0,2,2,2,2,2,2,2
22,8,2,2,2,2,2,2,2,0,2,2,2,2,2,0,2,2,2,0,0,2,2,2,2,2,2,2
22,9,2,2,2,0,2,2,2,2,2,0,0,2,0,2,2,2,2,2,2,2,2,2,2,2,2,2
22,10,2,2,2,2,2,2,2,2,2,2,0,2,2,2,2,0,2,2,2,0,2,2,2,0,2,2
22,11,2,2,2,2,2,2,2,2,2,2,2,2,0,2,2,2,2,2,2,2,2,0,0,2,2,0
22,12,2,2,2,2,2,2,2,2,2,2,0,2,2,2,0,0,2,2,2,2,0,2,2,2,2,2
22,13,2,0,0,2,2,2,2,2,2,2,2,2,2,2,2,0,2,2,0,2,2,2,2,2,2,2
22,14,2,2,2,2,2,2,0,2,2,2,2,2,0,2,2,2,0,0,2,2,2,2,2,2,2,2
22,15,2,2,2,2,2,0,2,2,2,2,2,0,2,2,2,2,0,2,2,2,2,2,2,2,2,0
22,16,2,2,2,2,2,0,2,2,2,2,2,2,2,2,2,2,0,2,2,2,2,2,2,0,2,0
22,17,2,2,2,0,2,2,2,2,0,0,2,2,2,2,2,0,2,2,2,2,2,2,2,2,2,2
22,18,2,2,2,2,2,2,2,2,0,0,2,2,2,2,2,0,0,2,2,2,2,2,2,2,2,2
22,19,0,2,2,2,0,2,2,2,0,2,2,2,2,2,2,2,0,2,2,2,2,2,2,2,2,2
22,20,2,2,2,2,2,2,2,0,2,2,2,2,0,2,0,2,2,2,2,2,0,2,2,2,2,2
22,21,0,2,2,2,2,2,2,2,2,2,0,2,2,2,2,2,2,2,2,0,2,0,2,2,2,2
22,22,2,0,2,2,2,2,2,2,2,2,0,2,0,2,2,2,2,2,2,2,2,2,2,0,2,2
22,23,2,2,2,0,2,2,2,2,2,2,2,2,2,0,2,2,2,0,2,2,2,2,2,2,2,0
22,24,0,2,2,2,2,2,0,2,2,2,2,0,2,2,2,2,2,2,2,2,2,0,2,2,2,2
22,25,2,2,0,2,2,2,2,0,2,0,2,2,2,2,2,2,2,2,2,2,2,2,0,2,2,2
22,26,2,2,2,2,2,0,2,2,0,2,2,2,2,2,2,0,2,2,2,2,2,0,2,2,2,2
22,27,0,2,2,2,0,2,2,2,2,2,2,2,2,2,2,2,2,0,2,2,2,0,2,2,2,2
22,28,2,2,2,2,0,2,2,2,0,2,0,2,0,2,2,2,2,2,2,2,2,2,2,2,2,2
22,29,2,2,2,2,2,2,2,2,2,0,0,2,2,2,2,2,2,0,0,2,2,2,2,2,2,2
22,30,2,2,2,2,2,2,2,2,2,2,2,2,0,2,2,2,0,2,2,2,2,0,2,2,0,2
23,1,2,2,2,2,2,0,2,2,2,2,2,2,2,2,0,2,2,0,2,2,2,2,2,2,2,2
23,2,2,2,2,2,2,2,2,2,2,2,2,2,2,0,0,0,2,2,2,2,2,2,2,2,2,2
23,3,2,2,2,2,2,2,2,2,2,2,2,2,0,2,2,2,2,2,2,2,2,2,2,0,2,0
23,4,0,2,2,2,2,2,2,0,2,2,2,2,2,0,2,2,2,2,2,2,2,2,2,2,2,2
23,5,2,2,2,2,0,2,2,2,0,2,2,0,2,2,2,2,2,2,2,2,2,2,2,2,2,2
23,6,2,0,2,2,2,2,2,2,2,2,2,2,2,2,2,2,0,2,2,2,2,2,2,2,2,0
23,7,2,2,2,2,2,2,2,2,2,2,2,0,2,2,2,2,2,2,2,2,2,0,2,2,0,2
23,8,2,0,2,2,2,0,2,2,2,2,2,2,0,2,2,2,2,2,2,2,2,2,2,2,2,2
23,9,2,2,2,2,2,2,2,2,2,2,0,2,2,0,2,0,2,2,2,2,2,2,2,2,2,2
23,10,2,2,2,2,2,2,2,0,2,2,2,2,2,2,2,2,0,2,0,2,2,2,2,2,2,2
23,11,2,2,2,2,2,2,0,2,2,2,2,0,2,2,2,2,2,2,2,2,2,2,2,0,2,2
23,12,2,2,2,2,2,2,2,2,2,2,2,2,2,2,2,2,2,2,2,2,2,0,0,2,2,0
23,13,2,2,2,2,2,2,0,2,0,2,2,2,2,2,2,2,2,2,2,2,2,2,2,2,2,0
23,14,2,2,2,2,2,2,2,0,2,2,2,2,2,2,2,2,0,2,2,2,2,2,0,2,2,2
23,15,2,2,2,2,2,0,2,0,2,2,2,2,2,2,2,2,2,2,2,2,2,0,2,2,2,2
23,16,2,2,2,2,2,0,2,2,2,2,0,2,2,2,2,2,2,2,2,2,0,2,2,2,2,2
23,17,2,2,2,2,2,2,2,2,2,2,2,2,0,2,0,2,0,2,2,2,2,2,2,2,2,2
23,18,2,0,2,2,2,2,2,2,2,2,2,2,0,2,2,2,2,2,2,0,2,2,2,2,2,2
23,19,2,2,2,2,2,2,2,2,2,2,0,2,2,0,2,2,2,2,2,2,2,0,2,2,2,2
23,20,2,2,2,2,2,2,2,2,2,2,2,0,2,2,2,2,2,2,2,2,2,0,2,2,2,0
23,21,2,2,2,2,2,2,2,2,2,2,0,2,2,2,2,2,0,2,2,0,2,2,2,2,2,2
23,22,2,2,2,2,2,2,2,2,2,2,0,2,0,2,2,2,2,2,2,2,2,2,2,0,2,2
23,23,2,2,2,2,0,0,0,2,2,2,2,2,2,2,2,2,2,2,2,2,2,2,2,2,2,2
23,24,2,2,2,2,2,2,2,2,2,2,2,2,2,2,2,0,2,0,2,2,2,2,2,2,2,0
23,25,2,2,0,2,2,2,2,2,2,0,2,2,0,2,2,2,2,2,2,2,2,2,2,2,2,2
23,26,2,2,2,2,2,2,2,2,2,2,2,2,2,2,0,2,2,2,0,2,2,2,2,2,2,0
23,27,0,2,2,2,2,0,2,2,2,2,2,2,2,2,2,2,0,2,2,2,2,2,2,2,2,2
23,28,2,2,2,2,2,2,2,2,2,2,2,2,2,0,2,2,0,2,0,2,2,2,2,2,2,2
23,29,2,2,2,2,2,0,0,2,2,2,2,2,2,2,2,2,2,2,2,2,2,2,2,2,0,2
23,30,2,2,0,0,2,2,2,2,2,2,2,2,0,2,2,2,2,2,2,2,2,2,2,2,2,2
24,1,2,2,2,2,2,2,2,2,2,2,2,2,2,2,2,2,2,2,0,2,0,2,2,2,2,2
24,2,2,2,2,2,2,2,2,2,2,2,2,2,2,2,2,0,2,2,2,2,2,2,2,2,2,0
24,3,2,2,2,2,2,2,2,0,2,2,2,2,2,2,2,2,2,2,2,0,2,2,2,2,2,2
24,4,2,2,2,2,2,2,2,2,2,2,2,0,2,2,2,2,0,2,2,2,2,2,2,2,2,2
24,5,2,2,2,0,0,2,2,2,2,2,2,2,2,2,2,2,2,2,2,2,2,2,2,2,2,2
24,6,2,2,2,2,2,2,2,0,2,2,2,2,0,2,2,2,2,2,2,2,2,2,2,2,2,2
24,7,2,2,2,2,2,2,2,2,2,2,0,2,2,2,2,2,2,2,2,2,0,2,2,2,2,2
24,8,0,2,2,2,2,2,2,2,2,2,2,2,2,2,2,2,2,0,2,2,2,2,2,2,2,2
24,9,2,2,2,2,2,2,2,0,2,2,2,2,2,2,2,2,2,2,2,2,2,2,2,2,0,2
24,10,2,2,2,2,2,2,2,2,2,2,2,2,0,2,2,2,2,2,2,2,2,2,0,2,2,2
24,11,2,2,2,2,2,2,0,2,2,2,2,2,2,2,2,2,0,2,2,2,2,2,2,2,2,2
24,12,2,2,2,2,2,2,2,2,0,2,2,2,2,2,0,2,2,2,2,2,2,2,2,2,2,2
24,13,2,2,2,2,0,2,2,2,2,2,2,2,2,2,2,2,2,2,2,2,2,2,0,2,2,2
24,14,2,2,2,0,2,2,2,2,2,2,2,2,2,2,2,2,2,2,2,0,2,2,2,2,2,2
24,15,2,2,2,2,2,2,2,2,2,2,2,2,2,2,2,2,0,0,2,2,2,2,2,2,2,2
24,16,2,2,2,2,2,2,0,2,2,2,2,2,2,2,2,2,2,2,2,0,2,2,2,2,2,2
24,17,2,2,2,2,2,2,2,2,2,2,2,2,2,0,2,2,2,2,2,2,2,2,2,2,0,2
24,18,0,2,2,2,2,2,2,2,2,2,2,2,2,2,2,2,2,2,2,2,0,2,2,2,2,2
24,19,2,2,0,2,2,2,2,2,2,2,2,2,2,2,2,2,2,2,2,2,0,2,2,2,2,2
24,20,2,2,2,2,0,2,2,2,0,2,2,2,2,2,2,2,2,2,2,2,2,2,2,2,2,2
24,21,2,2,2,2,2,2,2,2,2,2,2,2,2,2,2,2,2,2,2,0,2,2,2,0,2,2
24,22,2,2,2,2,2,0,2,2,2,2,2,2,2,2,2,2,2,2,2,2,2,2,2,2,0,2
24,23,2,2,2,2,2,2,2,2,0,2,2,2,2,2,2,2,2,2,2,0,2,2,2,2,2,2
24,24,2,2,2,2,2,2,2,0,2,2,2,2,2,2,0,2,2,2,2,2,2,2,2,2,2,2
24,25,2,2,2,2,2,2,2,2,2,2,2,2,0,2,2,2,2,2,2,2,2,2,2,2,2,0
24,26,2,2,2,2,2,2,2,2,2,2,2,0,2,2,2,2,2,2,2,0,2,2,2,2,2,2
24,27,2,2,2,2,2,2,2,2,2,2,2,2,2,2,0,2,2,2,2,2,2,0,2,2,2,2
24,28,2,2,2,2,2,2,2,2,0,2,2,0,2,2,2,2,2,2,2,2,2,2,2,2,2,2
24,29,2,2,2,0,2,2,2,2,2,2,2,2,2,2,2,2,2,2,2,2,2,2,2,2,0,2
24,30,2,2,2,2,0,2,2,2,2,2,0,2,2,2,2,2,2,2,2,2,2,2,2,2,2,2
25,1,0,2,2,2,2,2,2,2,2,2,2,2,2,2,2,2,2,2,2,2,2,2,2,2,2,2
25,2,2,0,2,2,2,2,2,2,2,2,2,2,2,2,2,2,2,2,2,2,2,2,2,2,2,2
25,3,2,2,0,2,2,2,2,2,2,2,2,2,2,2,2,2,2,2,2,2,2,2,2,2,2,2
25,4,2,2,2,0,2,2,2,2,2,2,2,2,2,2,2,2,2,2,2,2,2,2,2,2,2,2
25,5,2,2,2,2,0,2,2,2,2,2,2,2,2,2,2,2,2,2,2,2,2,2,2,2,2,2
25,6,2,2,2,2,2,0,2,2,2,2,2,2,2,2,2,2,2,2,2,2,2,2,2,2,2,2
25,7,2,2,2,2,2,2,0,2,2,2,2,2,2,2,2,2,2,2,2,2,2,2,2,2,2,2
25,8,2,2,2,2,2,2,2,0,2,2,2,2,2,2,2,2,2,2,2,2,2,2,2,2,2,2
25,9,2,2,2,2,2,2,2,2,0,2,2,2,2,2,2,2,2,2,2,2,2,2,2,2,2,2
25,10,2,2,2,2,2,2,2,2,2,0,2,2,2,2,2,2,2,2,2,2,2,2,2,2,2,2
25,11,2,2,2,2,2,2,2,2,2,2,0,2,2,2,2,2,2,2,2,2,2,2,2,2,2,2
25,12,2,2,2,2,2,2,2,2,2,2,2,0,2,2,2,2,2,2,2,2,2,2,2,2,2,2
25,13,2,2,2,2,2,2,2,2,2,2,2,2,0,2,2,2,2,2,2,2,2,2,2,2,2,2
25,14,2,2,2,2,2,2,2,2,2,2,2,2,2,0,2,2,2,2,2,2,2,2,2,2,2,2
25,15,2,2,2,2,2,2,2,2,2,2,2,2,2,2,0,2,2,2,2,2,2,2,2,2,2,2
25,16,2,2,2,2,2,2,2,2,2,2,2,2,2,2,2,0,2,2,2,2,2,2,2,2,2,2
25,17,2,2,2,2,2,2,2,2,2,2,2,2,2,2,2,2,0,2,2,2,2,2,2,2,2,2
25,18,2,2,2,2,2,2,2,2,2,2,2,2,2,2,2,2,2,0,2,2,2,2,2,2,2,2
25,19,2,2,2,2,2,2,2,2,2,2,2,2,2,2,2,2,2,2,0,2,2,2,2,2,2,2
25,20,2,2,2,2,2,2,2,2,2,2,2,2,2,2,2,2,2,2,2,0,2,2,2,2,2,2
25,21,2,2,2,2,2,2,2,2,2,2,2,2,2,2,2,2,2,2,2,2,0,2,2,2,2,2
25,22,2,2,2,2,2,2,2,2,2,2,2,2,2,2,2,2,2,2,2,2,2,0,2,2,2,2
25,23,2,2,2,2,2,2,2,2,2,2,2,2,2,2,2,2,2,2,2,2,2,2,0,2,2,2
25,24,2,2,2,2,2,2,2,2,2,2,2,2,2,2,2,2,2,2,2,2,2,2,2,0,2,2
25,25,2,2,2,2,2,2,2,2,2,2,2,2,2,2,2,2,2,2,2,2,2,2,2,2,0,2
25,26,2,2,2,2,2,2,2,2,2,2,2,2,2,2,2,2,2,2,2,2,2,2,2,2,2,0
26,1,2,2,2,2,2,2,2,2,2,2,2,2,2,2,2,2,2,2,2,2,2,2,2,2,2,2
